,treeid,trayid,camp,species,circumference,diameter,baseheight,trayheight,height,fogdate,latitude,longitude,utm_x,utm_y,GPS_alt,DEM30_alt,DEM10_alt,climband
TC_T3-1,3,T3-1,BC,Liquidambar styracaflua,2.51,0.798957814,15.4,14.2,38.2,29/06/14,15.49415,-88.2141,369771.588,1713351.625,1547,1600,1600,2020
TC_T3-10,3,T3-10,BC,Liquidambar styracaflua,2.51,0.798957814,15.4,14.2,38.2,29/06/14,15.49415,-88.2141,369771.588,1713351.625,1547,1600,1600,2020
TC_T3-11,3,T3-11,BC,Liquidambar styracaflua,2.51,0.798957814,15.4,14.2,38.2,29/06/14,15.49415,-88.2141,369771.588,1713351.625,1547,1600,1600,2020
TC_T3-14,3,T3-14,BC,Liquidambar styracaflua,2.51,0.798957814,15.4,14.2,38.2,29/06/14,15.49415,-88.2141,369771.588,1713351.625,1547,1600,1600,2020
TC_T3-15,3,T3-15,BC,Liquidambar styracaflua,2.51,0.798957814,15.4,14.2,38.2,29/06/14,15.49415,-88.2141,369771.588,1713351.625,1547,1600,1600,2020
TC_T3-16,3,T3-16,BC,Liquidambar styracaflua,2.51,0.798957814,15.4,14.2,38.2,29/06/14,15.49415,-88.2141,369771.588,1713351.625,1547,1600,1600,2020
TC_T3-17,3,T3-17,BC,Liquidambar styracaflua,2.51,0.798957814,15.4,14.2,38.2,29/06/14,15.49415,-88.2141,369771.588,1713351.625,1547,1600,1600,2020
TC_T3-18,3,T3-18,BC,Liquidambar styracaflua,2.51,0.798957814,15.4,14.2,38.2,29/06/14,15.49415,-88.2141,369771.588,1713351.625,1547,1600,1600,2020
TC_T3-19,3,T3-19,BC,Liquidambar styracaflua,2.51,0.798957814,15.4,14.2,38.2,29/06/14,15.49415,-88.2141,369771.588,1713351.625,1547,1600,1600,2020
TC_T3-2,3,T3-2,BC,Liquidambar styracaflua,2.51,0.798957814,15.4,14.2,38.2,29/06/14,15.49415,-88.2141,369771.588,1713351.625,1547,1600,1600,2020
TC_T3-20,3,T3-20,BC,Liquidambar styracaflua,2.51,0.798957814,15.4,14.2,38.2,29/06/14,15.49415,-88.2141,369771.588,1713351.625,1547,1600,1600,2020
TC_T3-21,3,T3-21,BC,Liquidambar styracaflua,2.51,0.798957814,15.4,14.2,38.2,29/06/14,15.49415,-88.2141,369771.588,1713351.625,1547,1600,1600,2020
TC_T3-22,3,T3-22,BC,Liquidambar styracaflua,2.51,0.798957814,15.4,14.2,38.2,29/06/14,15.49415,-88.2141,369771.588,1713351.625,1547,1600,1600,2020
TC_T3-23,3,T3-23,BC,Liquidambar styracaflua,2.51,0.798957814,15.4,14.2,38.2,29/06/14,15.49415,-88.2141,369771.588,1713351.625,1547,1600,1600,2020
TC_T3-24,3,T3-24,BC,Liquidambar styracaflua,2.51,0.798957814,15.4,14.2,38.2,29/06/14,15.49415,-88.2141,369771.588,1713351.625,1547,1600,1600,2020
TC_T3-25,3,T3-25,BC,Liquidambar styracaflua,2.51,0.798957814,15.4,14.2,38.2,29/06/14,15.49415,-88.2141,369771.588,1713351.625,1547,1600,1600,2020
TC_T3-27,3,T3-27,BC,Liquidambar styracaflua,2.51,0.798957814,15.4,14.2,38.2,29/06/14,15.49415,-88.2141,369771.588,1713351.625,1547,1600,1600,2020
TC_T3-28,3,T3-28,BC,Liquidambar styracaflua,2.51,0.798957814,15.4,14.2,38.2,29/06/14,15.49415,-88.2141,369771.588,1713351.625,1547,1600,1600,2020
TC_T3-29,3,T3-29,BC,Liquidambar styracaflua,2.51,0.798957814,15.4,14.2,38.2,29/06/14,15.49415,-88.2141,369771.588,1713351.625,1547,1600,1600,2020
TC_T3-30,3,T3-30,BC,Liquidambar styracaflua,2.51,0.798957814,15.4,14.2,38.2,29/06/14,15.49415,-88.2141,369771.588,1713351.625,1547,1600,1600,2020
TC_T3-31,3,T3-31,BC,Liquidambar styracaflua,2.51,0.798957814,15.4,14.2,38.2,29/06/14,15.49415,-88.2141,369771.588,1713351.625,1547,1600,1600,2020
TC_T3-32,3,T3-32,BC,Liquidambar styracaflua,2.51,0.798957814,15.4,14.2,38.2,29/06/14,15.49415,-88.2141,369771.588,1713351.625,1547,1600,1600,2020
TC_T3-33,3,T3-33,BC,Liquidambar styracaflua,2.51,0.798957814,15.4,14.2,38.2,29/06/14,15.49415,-88.2141,369771.588,1713351.625,1547,1600,1600,2020
TC_T3-4,3,T3-4,BC,Liquidambar styracaflua,2.51,0.798957814,15.4,14.2,38.2,29/06/14,15.49415,-88.2141,369771.588,1713351.625,1547,1600,1600,2020
TC_T3-5,3,T3-5,BC,Liquidambar styracaflua,2.51,0.798957814,15.4,14.2,38.2,29/06/14,15.49415,-88.2141,369771.588,1713351.625,1547,1600,1600,2020
TC_T3-6,3,T3-6,BC,Liquidambar styracaflua,2.51,0.798957814,15.4,14.2,38.2,29/06/14,15.49415,-88.2141,369771.588,1713351.625,1547,1600,1600,2020
TC_T3-8,3,T3-8,BC,Liquidambar styracaflua,2.51,0.798957814,15.4,14.2,38.2,29/06/14,15.49415,-88.2141,369771.588,1713351.625,1547,1600,1600,2020
TC_T4-1,4,T4-1,CA,Liquidambar styracaflua,3.4,1.082253613,34,36,56.7,05/07/14,15.513676,-88.241706,366822.3513,1715528.159,1801.04,1832,1832,2000
TC_T4-10,4,T4-10,CA,Liquidambar styracaflua,3.4,1.082253613,34,36,56.7,05/07/14,15.513676,-88.241706,366822.3513,1715528.159,1801.04,1832,1832,2000
TC_T4-11,4,T4-11,CA,Liquidambar styracaflua,3.4,1.082253613,34,36,56.7,05/07/14,15.513676,-88.241706,366822.3513,1715528.159,1801.04,1832,1832,2000
TC_T4-12,4,T4-12,CA,Liquidambar styracaflua,3.4,1.082253613,34,36,56.7,05/07/14,15.513676,-88.241706,366822.3513,1715528.159,1801.04,1832,1832,2000
TC_T4-13,4,T4-13,CA,Liquidambar styracaflua,3.4,1.082253613,34,36,56.7,05/07/14,15.513676,-88.241706,366822.3513,1715528.159,1801.04,1832,1832,2000
TC_T4-14,4,T4-14,CA,Liquidambar styracaflua,3.4,1.082253613,34,36,56.7,05/07/14,15.513676,-88.241706,366822.3513,1715528.159,1801.04,1832,1832,2000
TC_T4-15,4,T4-15,CA,Liquidambar styracaflua,3.4,1.082253613,34,36,56.7,05/07/14,15.513676,-88.241706,366822.3513,1715528.159,1801.04,1832,1832,2000
TC_T4-16,4,T4-16,CA,Liquidambar styracaflua,3.4,1.082253613,34,36,56.7,05/07/14,15.513676,-88.241706,366822.3513,1715528.159,1801.04,1832,1832,2000
TC_T4-17,4,T4-17,CA,Liquidambar styracaflua,3.4,1.082253613,34,36,56.7,05/07/14,15.513676,-88.241706,366822.3513,1715528.159,1801.04,1832,1832,2000
TC_T4-18,4,T4-18,CA,Liquidambar styracaflua,3.4,1.082253613,34,36,56.7,05/07/14,15.513676,-88.241706,366822.3513,1715528.159,1801.04,1832,1832,2000
TC_T4-19,4,T4-19,CA,Liquidambar styracaflua,3.4,1.082253613,34,36,56.7,05/07/14,15.513676,-88.241706,366822.3513,1715528.159,1801.04,1832,1832,2000
TC_T4-2,4,T4-2,CA,Liquidambar styracaflua,3.4,1.082253613,34,36,56.7,05/07/14,15.513676,-88.241706,366822.3513,1715528.159,1801.04,1832,1832,2000
TC_T4-20,4,T4-20,CA,Liquidambar styracaflua,3.4,1.082253613,34,36,56.7,05/07/14,15.513676,-88.241706,366822.3513,1715528.159,1801.04,1832,1832,2000
TC_T4-21,4,T4-21,CA,Liquidambar styracaflua,3.4,1.082253613,34,36,56.7,05/07/14,15.513676,-88.241706,366822.3513,1715528.159,1801.04,1832,1832,2000
TC_T4-22,4,T4-22,CA,Liquidambar styracaflua,3.4,1.082253613,34,36,56.7,05/07/14,15.513676,-88.241706,366822.3513,1715528.159,1801.04,1832,1832,2000
TC_T4-23,4,T4-23,CA,Liquidambar styracaflua,3.4,1.082253613,34,36,56.7,05/07/14,15.513676,-88.241706,366822.3513,1715528.159,1801.04,1832,1832,2000
TC_T4-24,4,T4-24,CA,Liquidambar styracaflua,3.4,1.082253613,34,36,56.7,05/07/14,15.513676,-88.241706,366822.3513,1715528.159,1801.04,1832,1832,2000
TC_T4-25,4,T4-25,CA,Liquidambar styracaflua,3.4,1.082253613,34,36,56.7,05/07/14,15.513676,-88.241706,366822.3513,1715528.159,1801.04,1832,1832,2000
TC_T4-26,4,T4-26,CA,Liquidambar styracaflua,3.4,1.082253613,34,36,56.7,05/07/14,15.513676,-88.241706,366822.3513,1715528.159,1801.04,1832,1832,2000
TC_T4-27,4,T4-27,CA,Liquidambar styracaflua,3.4,1.082253613,34,36,56.7,05/07/14,15.513676,-88.241706,366822.3513,1715528.159,1801.04,1832,1832,2000
TC_T4-28,4,T4-28,CA,Liquidambar styracaflua,3.4,1.082253613,34,36,56.7,05/07/14,15.513676,-88.241706,366822.3513,1715528.159,1801.04,1832,1832,2000
TC_T4-29,4,T4-29,CA,Liquidambar styracaflua,3.4,1.082253613,34,36,56.7,05/07/14,15.513676,-88.241706,366822.3513,1715528.159,1801.04,1832,1832,2000
TC_T4-3,4,T4-3,CA,Liquidambar styracaflua,3.4,1.082253613,34,36,56.7,05/07/14,15.513676,-88.241706,366822.3513,1715528.159,1801.04,1832,1832,2000
TC_T4-4,4,T4-4,CA,Liquidambar styracaflua,3.4,1.082253613,34,36,56.7,05/07/14,15.513676,-88.241706,366822.3513,1715528.159,1801.04,1832,1832,2000
TC_T4-5,4,T4-5,CA,Liquidambar styracaflua,3.4,1.082253613,34,36,56.7,05/07/14,15.513676,-88.241706,366822.3513,1715528.159,1801.04,1832,1832,2000
TC_T4-6,4,T4-6,CA,Liquidambar styracaflua,3.4,1.082253613,34,36,56.7,05/07/14,15.513676,-88.241706,366822.3513,1715528.159,1801.04,1832,1832,2000
TC_T4-8,4,T4-8,CA,Liquidambar styracaflua,3.4,1.082253613,34,36,56.7,05/07/14,15.513676,-88.241706,366822.3513,1715528.159,1801.04,1832,1832,2000
TC_T4-9,4,T4-9,CA,Liquidambar styracaflua,3.4,1.082253613,34,36,56.7,05/07/14,15.513676,-88.241706,366822.3513,1715528.159,1801.04,1832,1832,2000
TC_T6-1,6,T6-1,CA,Liquidambar styracaflua,4.75,1.511971959,21,23.3,41,15/07/14,15.512103,-88.241192,366876.4787,1715353.816,1798.19,1800,1800,2000
TC_T6-10,6,T6-10,CA,Liquidambar styracaflua,4.75,1.511971959,21,23.3,41,15/07/14,15.512103,-88.241192,366876.4787,1715353.816,1798.19,1800,1800,2000
TC_T6-11,6,T6-11,CA,Liquidambar styracaflua,4.75,1.511971959,21,23.3,41,15/07/14,15.512103,-88.241192,366876.4787,1715353.816,1798.19,1800,1800,2000
TC_T6-12,6,T6-12,CA,Liquidambar styracaflua,4.75,1.511971959,21,23.3,41,15/07/14,15.512103,-88.241192,366876.4787,1715353.816,1798.19,1800,1800,2000
TC_T6-13,6,T6-13,CA,Liquidambar styracaflua,4.75,1.511971959,21,23.3,41,15/07/14,15.512103,-88.241192,366876.4787,1715353.816,1798.19,1800,1800,2000
TC_T6-14,6,T6-14,CA,Liquidambar styracaflua,4.75,1.511971959,21,23.3,41,15/07/14,15.512103,-88.241192,366876.4787,1715353.816,1798.19,1800,1800,2000
TC_T6-16,6,T6-16,CA,Liquidambar styracaflua,4.75,1.511971959,21,23.3,41,15/07/14,15.512103,-88.241192,366876.4787,1715353.816,1798.19,1800,1800,2000
TC_T6-17,6,T6-17,CA,Liquidambar styracaflua,4.75,1.511971959,21,23.3,41,15/07/14,15.512103,-88.241192,366876.4787,1715353.816,1798.19,1800,1800,2000
TC_T6-18,6,T6-18,CA,Liquidambar styracaflua,4.75,1.511971959,21,23.3,41,15/07/14,15.512103,-88.241192,366876.4787,1715353.816,1798.19,1800,1800,2000
TC_T6-19,6,T6-19,CA,Liquidambar styracaflua,4.75,1.511971959,21,23.3,41,15/07/14,15.512103,-88.241192,366876.4787,1715353.816,1798.19,1800,1800,2000
TC_T6-20,6,T6-20,CA,Liquidambar styracaflua,4.75,1.511971959,21,23.3,41,15/07/14,15.512103,-88.241192,366876.4787,1715353.816,1798.19,1800,1800,2000
TC_T6-21,6,T6-21,CA,Liquidambar styracaflua,4.75,1.511971959,21,23.3,41,15/07/14,15.512103,-88.241192,366876.4787,1715353.816,1798.19,1800,1800,2000
TC_T6-22,6,T6-22,CA,Liquidambar styracaflua,4.75,1.511971959,21,23.3,41,15/07/14,15.512103,-88.241192,366876.4787,1715353.816,1798.19,1800,1800,2000
TC_T6-23,6,T6-23,CA,Liquidambar styracaflua,4.75,1.511971959,21,23.3,41,15/07/14,15.512103,-88.241192,366876.4787,1715353.816,1798.19,1800,1800,2000
TC_T6-24,6,T6-24,CA,Liquidambar styracaflua,4.75,1.511971959,21,23.3,41,15/07/14,15.512103,-88.241192,366876.4787,1715353.816,1798.19,1800,1800,2000
TC_T6-26,6,T6-26,CA,Liquidambar styracaflua,4.75,1.511971959,21,23.3,41,15/07/14,15.512103,-88.241192,366876.4787,1715353.816,1798.19,1800,1800,2000
TC_T6-27,6,T6-27,CA,Liquidambar styracaflua,4.75,1.511971959,21,23.3,41,15/07/14,15.512103,-88.241192,366876.4787,1715353.816,1798.19,1800,1800,2000
TC_T6-28,6,T6-28,CA,Liquidambar styracaflua,4.75,1.511971959,21,23.3,41,15/07/14,15.512103,-88.241192,366876.4787,1715353.816,1798.19,1800,1800,2000
TC_T6-29,6,T6-29,CA,Liquidambar styracaflua,4.75,1.511971959,21,23.3,41,15/07/14,15.512103,-88.241192,366876.4787,1715353.816,1798.19,1800,1800,2000
TC_T6-3,6,T6-3,CA,Liquidambar styracaflua,4.75,1.511971959,21,23.3,41,15/07/14,15.512103,-88.241192,366876.4787,1715353.816,1798.19,1800,1800,2000
TC_T6-30,6,T6-30,CA,Liquidambar styracaflua,4.75,1.511971959,21,23.3,41,15/07/14,15.512103,-88.241192,366876.4787,1715353.816,1798.19,1800,1800,2000
TC_T6-31,6,T6-31,CA,Liquidambar styracaflua,4.75,1.511971959,21,23.3,41,15/07/14,15.512103,-88.241192,366876.4787,1715353.816,1798.19,1800,1800,2000
TC_T6-32,6,T6-32,CA,Liquidambar styracaflua,4.75,1.511971959,21,23.3,41,15/07/14,15.512103,-88.241192,366876.4787,1715353.816,1798.19,1800,1800,2000
TC_T6-33,6,T6-33,CA,Liquidambar styracaflua,4.75,1.511971959,21,23.3,41,15/07/14,15.512103,-88.241192,366876.4787,1715353.816,1798.19,1800,1800,2000
TC_T6-4,6,T6-4,CA,Liquidambar styracaflua,4.75,1.511971959,21,23.3,41,15/07/14,15.512103,-88.241192,366876.4787,1715353.816,1798.19,1800,1800,2000
TC_T6-5,6,T6-5,CA,Liquidambar styracaflua,4.75,1.511971959,21,23.3,41,15/07/14,15.512103,-88.241192,366876.4787,1715353.816,1798.19,1800,1800,2000
TC_T6-6,6,T6-6,CA,Liquidambar styracaflua,4.75,1.511971959,21,23.3,41,15/07/14,15.512103,-88.241192,366876.4787,1715353.816,1798.19,1800,1800,2000
TC_T6-7,6,T6-7,CA,Liquidambar styracaflua,4.75,1.511971959,21,23.3,41,15/07/14,15.512103,-88.241192,366876.4787,1715353.816,1798.19,1800,1800,2000
TC_T6-8,6,T6-8,CA,Liquidambar styracaflua,4.75,1.511971959,21,23.3,41,15/07/14,15.512103,-88.241192,366876.4787,1715353.816,1798.19,1800,1800,2000
TC_T6-9,6,T6-9,CA,Liquidambar styracaflua,4.75,1.511971959,21,23.3,41,15/07/14,15.512103,-88.241192,366876.4787,1715353.816,1798.19,1800,1800,2000
TC_T7-1,7,T7-1,CA,Liquidambar styracaflua,3.9,1.241408556,31,31,57,18/07/14,15.514935,-88.240959,366903.2877,1715666.98,1846.451416,1888,1887,2000
TC_T7-10,7,T7-10,CA,Liquidambar styracaflua,3.9,1.241408556,31,31,57,18/07/14,15.514935,-88.240959,366903.2877,1715666.98,1846.451416,1888,1887,2000
TC_T7-11,7,T7-11,CA,Liquidambar styracaflua,3.9,1.241408556,31,31,57,18/07/14,15.514935,-88.240959,366903.2877,1715666.98,1846.451416,1888,1887,2000
TC_T7-12,7,T7-12,CA,Liquidambar styracaflua,3.9,1.241408556,31,31,57,18/07/14,15.514935,-88.240959,366903.2877,1715666.98,1846.451416,1888,1887,2000
TC_T7-13,7,T7-13,CA,Liquidambar styracaflua,3.9,1.241408556,31,31,57,18/07/14,15.514935,-88.240959,366903.2877,1715666.98,1846.451416,1888,1887,2000
TC_T7-14,7,T7-14,CA,Liquidambar styracaflua,3.9,1.241408556,31,31,57,18/07/14,15.514935,-88.240959,366903.2877,1715666.98,1846.451416,1888,1887,2000
TC_T7-15,7,T7-15,CA,Liquidambar styracaflua,3.9,1.241408556,31,31,57,18/07/14,15.514935,-88.240959,366903.2877,1715666.98,1846.451416,1888,1887,2000
TC_T7-16,7,T7-16,CA,Liquidambar styracaflua,3.9,1.241408556,31,31,57,18/07/14,15.514935,-88.240959,366903.2877,1715666.98,1846.451416,1888,1887,2000
TC_T7-17,7,T7-17,CA,Liquidambar styracaflua,3.9,1.241408556,31,31,57,18/07/14,15.514935,-88.240959,366903.2877,1715666.98,1846.451416,1888,1887,2000
TC_T7-18,7,T7-18,CA,Liquidambar styracaflua,3.9,1.241408556,31,31,57,18/07/14,15.514935,-88.240959,366903.2877,1715666.98,1846.451416,1888,1887,2000
TC_T7-19,7,T7-19,CA,Liquidambar styracaflua,3.9,1.241408556,31,31,57,18/07/14,15.514935,-88.240959,366903.2877,1715666.98,1846.451416,1888,1887,2000
TC_T7-2,7,T7-2,CA,Liquidambar styracaflua,3.9,1.241408556,31,31,57,18/07/14,15.514935,-88.240959,366903.2877,1715666.98,1846.451416,1888,1887,2000
TC_T7-23,7,T7-23,CA,Liquidambar styracaflua,3.9,1.241408556,31,31,57,18/07/14,15.514935,-88.240959,366903.2877,1715666.98,1846.451416,1888,1887,2000
TC_T7-24,7,T7-24,CA,Liquidambar styracaflua,3.9,1.241408556,31,31,57,18/07/14,15.514935,-88.240959,366903.2877,1715666.98,1846.451416,1888,1887,2000
TC_T7-25,7,T7-25,CA,Liquidambar styracaflua,3.9,1.241408556,31,31,57,18/07/14,15.514935,-88.240959,366903.2877,1715666.98,1846.451416,1888,1887,2000
TC_T7-26,7,T7-26,CA,Liquidambar styracaflua,3.9,1.241408556,31,31,57,18/07/14,15.514935,-88.240959,366903.2877,1715666.98,1846.451416,1888,1887,2000
TC_T7-27,7,T7-27,CA,Liquidambar styracaflua,3.9,1.241408556,31,31,57,18/07/14,15.514935,-88.240959,366903.2877,1715666.98,1846.451416,1888,1887,2000
TC_T7-28,7,T7-28,CA,Liquidambar styracaflua,3.9,1.241408556,31,31,57,18/07/14,15.514935,-88.240959,366903.2877,1715666.98,1846.451416,1888,1887,2000
TC_T7-29,7,T7-29,CA,Liquidambar styracaflua,3.9,1.241408556,31,31,57,18/07/14,15.514935,-88.240959,366903.2877,1715666.98,1846.451416,1888,1887,2000
TC_T7-3,7,T7-3,CA,Liquidambar styracaflua,3.9,1.241408556,31,31,57,18/07/14,15.514935,-88.240959,366903.2877,1715666.98,1846.451416,1888,1887,2000
TC_T7-30,7,T7-30,CA,Liquidambar styracaflua,3.9,1.241408556,31,31,57,18/07/14,15.514935,-88.240959,366903.2877,1715666.98,1846.451416,1888,1887,2000
TC_T7-31,7,T7-31,CA,Liquidambar styracaflua,3.9,1.241408556,31,31,57,18/07/14,15.514935,-88.240959,366903.2877,1715666.98,1846.451416,1888,1887,2000
TC_T7-33,7,T7-33,CA,Liquidambar styracaflua,3.9,1.241408556,31,31,57,18/07/14,15.514935,-88.240959,366903.2877,1715666.98,1846.451416,1888,1887,2000
TC_T7-34,7,T7-34,CA,Liquidambar styracaflua,3.9,1.241408556,31,31,57,18/07/14,15.514935,-88.240959,366903.2877,1715666.98,1846.451416,1888,1887,2000
TC_T7-35,7,T7-35,CA,Liquidambar styracaflua,3.9,1.241408556,31,31,57,18/07/14,15.514935,-88.240959,366903.2877,1715666.98,1846.451416,1888,1887,2000
TC_T7-4,7,T7-4,CA,Liquidambar styracaflua,3.9,1.241408556,31,31,57,18/07/14,15.514935,-88.240959,366903.2877,1715666.98,1846.451416,1888,1887,2000
TC_T7-5,7,T7-5,CA,Liquidambar styracaflua,3.9,1.241408556,31,31,57,18/07/14,15.514935,-88.240959,366903.2877,1715666.98,1846.451416,1888,1887,2000
TC_T7-6,7,T7-6,CA,Liquidambar styracaflua,3.9,1.241408556,31,31,57,18/07/14,15.514935,-88.240959,366903.2877,1715666.98,1846.451416,1888,1887,2000
TC_T7-7,7,T7-7,CA,Liquidambar styracaflua,3.9,1.241408556,31,31,57,18/07/14,15.514935,-88.240959,366903.2877,1715666.98,1846.451416,1888,1887,2000
TC_T7-8,7,T7-8,CA,Liquidambar styracaflua,3.9,1.241408556,31,31,57,18/07/14,15.514935,-88.240959,366903.2877,1715666.98,1846.451416,1888,1887,2000
TC_T7-9,7,T7-9,CA,Liquidambar styracaflua,3.9,1.241408556,31,31,57,18/07/14,15.514935,-88.240959,366903.2877,1715666.98,1846.451416,1888,1887,2000
TC_T8-1,8,T8-1,GU,Liquidambar styracaflua,3.25,1.03450713,18,28,44.8,22/07/14,15.489062,-88.234162,367615.9031,1712800.398,1263.940063,1279,1282,2080
TC_T8-10,8,T8-10,GU,Liquidambar styracaflua,3.25,1.03450713,18,28,44.8,22/07/14,15.489062,-88.234162,367615.9031,1712800.398,1263.940063,1279,1282,2080
TC_T8-11,8,T8-11,GU,Liquidambar styracaflua,3.25,1.03450713,18,28,44.8,22/07/14,15.489062,-88.234162,367615.9031,1712800.398,1263.940063,1279,1282,2080
TC_T8-12,8,T8-12,GU,Liquidambar styracaflua,3.25,1.03450713,18,28,44.8,22/07/14,15.489062,-88.234162,367615.9031,1712800.398,1263.940063,1279,1282,2080
TC_T8-13,8,T8-13,GU,Liquidambar styracaflua,3.25,1.03450713,18,28,44.8,22/07/14,15.489062,-88.234162,367615.9031,1712800.398,1263.940063,1279,1282,2080
TC_T8-14,8,T8-14,GU,Liquidambar styracaflua,3.25,1.03450713,18,28,44.8,22/07/14,15.489062,-88.234162,367615.9031,1712800.398,1263.940063,1279,1282,2080
TC_T8-15,8,T8-15,GU,Liquidambar styracaflua,3.25,1.03450713,18,28,44.8,22/07/14,15.489062,-88.234162,367615.9031,1712800.398,1263.940063,1279,1282,2080
TC_T8-16,8,T8-16,GU,Liquidambar styracaflua,3.25,1.03450713,18,28,44.8,22/07/14,15.489062,-88.234162,367615.9031,1712800.398,1263.940063,1279,1282,2080
TC_T8-18,8,T8-18,GU,Liquidambar styracaflua,3.25,1.03450713,18,28,44.8,22/07/14,15.489062,-88.234162,367615.9031,1712800.398,1263.940063,1279,1282,2080
TC_T8-19,8,T8-19,GU,Liquidambar styracaflua,3.25,1.03450713,18,28,44.8,22/07/14,15.489062,-88.234162,367615.9031,1712800.398,1263.940063,1279,1282,2080
TC_T8-2,8,T8-2,GU,Liquidambar styracaflua,3.25,1.03450713,18,28,44.8,22/07/14,15.489062,-88.234162,367615.9031,1712800.398,1263.940063,1279,1282,2080
TC_T8-20,8,T8-20,GU,Liquidambar styracaflua,3.25,1.03450713,18,28,44.8,22/07/14,15.489062,-88.234162,367615.9031,1712800.398,1263.940063,1279,1282,2080
TC_T8-21,8,T8-21,GU,Liquidambar styracaflua,3.25,1.03450713,18,28,44.8,22/07/14,15.489062,-88.234162,367615.9031,1712800.398,1263.940063,1279,1282,2080
TC_T8-22,8,T8-22,GU,Liquidambar styracaflua,3.25,1.03450713,18,28,44.8,22/07/14,15.489062,-88.234162,367615.9031,1712800.398,1263.940063,1279,1282,2080
TC_T8-23,8,T8-23,GU,Liquidambar styracaflua,3.25,1.03450713,18,28,44.8,22/07/14,15.489062,-88.234162,367615.9031,1712800.398,1263.940063,1279,1282,2080
TC_T8-24,8,T8-24,GU,Liquidambar styracaflua,3.25,1.03450713,18,28,44.8,22/07/14,15.489062,-88.234162,367615.9031,1712800.398,1263.940063,1279,1282,2080
TC_T8-25,8,T8-25,GU,Liquidambar styracaflua,3.25,1.03450713,18,28,44.8,22/07/14,15.489062,-88.234162,367615.9031,1712800.398,1263.940063,1279,1282,2080
TC_T8-26,8,T8-26,GU,Liquidambar styracaflua,3.25,1.03450713,18,28,44.8,22/07/14,15.489062,-88.234162,367615.9031,1712800.398,1263.940063,1279,1282,2080
TC_T8-27,8,T8-27,GU,Liquidambar styracaflua,3.25,1.03450713,18,28,44.8,22/07/14,15.489062,-88.234162,367615.9031,1712800.398,1263.940063,1279,1282,2080
TC_T8-28,8,T8-28,GU,Liquidambar styracaflua,3.25,1.03450713,18,28,44.8,22/07/14,15.489062,-88.234162,367615.9031,1712800.398,1263.940063,1279,1282,2080
TC_T8-3,8,T8-3,GU,Liquidambar styracaflua,3.25,1.03450713,18,28,44.8,22/07/14,15.489062,-88.234162,367615.9031,1712800.398,1263.940063,1279,1282,2080
TC_T8-4,8,T8-4,GU,Liquidambar styracaflua,3.25,1.03450713,18,28,44.8,22/07/14,15.489062,-88.234162,367615.9031,1712800.398,1263.940063,1279,1282,2080
TC_T8-5,8,T8-5,GU,Liquidambar styracaflua,3.25,1.03450713,18,28,44.8,22/07/14,15.489062,-88.234162,367615.9031,1712800.398,1263.940063,1279,1282,2080
TC_T8-6,8,T8-6,GU,Liquidambar styracaflua,3.25,1.03450713,18,28,44.8,22/07/14,15.489062,-88.234162,367615.9031,1712800.398,1263.940063,1279,1282,2080
TC_T8-7,8,T8-7,GU,Liquidambar styracaflua,3.25,1.03450713,18,28,44.8,22/07/14,15.489062,-88.234162,367615.9031,1712800.398,1263.940063,1279,1282,2080
TC_T8-8,8,T8-8,GU,Liquidambar styracaflua,3.25,1.03450713,18,28,44.8,22/07/14,15.489062,-88.234162,367615.9031,1712800.398,1263.940063,1279,1282,2080
TC_T8-9,8,T8-9,GU,Liquidambar styracaflua,3.25,1.03450713,18,28,44.8,22/07/14,15.489062,-88.234162,367615.9031,1712800.398,1263.940063,1279,1282,2080
TC_T9-01,9,T9-01,GU,Liquidambar styracaflua,4.44,1.413295895,28.7,32.1,56.1,26/07/14,15.489539,-88.236183,367399.3928,1712854.417,1259.874878,1297,1290,2080
TC_T9-1,9,T9-1,GU,Liquidambar styracaflua,4.44,1.413295895,28.7,32.1,56.1,26/07/14,15.489539,-88.236183,367399.3928,1712854.417,1259.874878,1297,1290,2080
TC_T9-10,9,T9-10,GU,Liquidambar styracaflua,4.44,1.413295895,28.7,32.1,56.1,26/07/14,15.489539,-88.236183,367399.3928,1712854.417,1259.874878,1297,1290,2080
TC_T9-11,9,T9-11,GU,Liquidambar styracaflua,4.44,1.413295895,28.7,32.1,56.1,26/07/14,15.489539,-88.236183,367399.3928,1712854.417,1259.874878,1297,1290,2080
TC_T9-12,9,T9-12,GU,Liquidambar styracaflua,4.44,1.413295895,28.7,32.1,56.1,26/07/14,15.489539,-88.236183,367399.3928,1712854.417,1259.874878,1297,1290,2080
TC_T9-13,9,T9-13,GU,Liquidambar styracaflua,4.44,1.413295895,28.7,32.1,56.1,26/07/14,15.489539,-88.236183,367399.3928,1712854.417,1259.874878,1297,1290,2080
TC_T9-14,9,T9-14,GU,Liquidambar styracaflua,4.44,1.413295895,28.7,32.1,56.1,26/07/14,15.489539,-88.236183,367399.3928,1712854.417,1259.874878,1297,1290,2080
TC_T9-15,9,T9-15,GU,Liquidambar styracaflua,4.44,1.413295895,28.7,32.1,56.1,26/07/14,15.489539,-88.236183,367399.3928,1712854.417,1259.874878,1297,1290,2080
TC_T9-16,9,T9-16,GU,Liquidambar styracaflua,4.44,1.413295895,28.7,32.1,56.1,26/07/14,15.489539,-88.236183,367399.3928,1712854.417,1259.874878,1297,1290,2080
TC_T9-17,9,T9-17,GU,Liquidambar styracaflua,4.44,1.413295895,28.7,32.1,56.1,26/07/14,15.489539,-88.236183,367399.3928,1712854.417,1259.874878,1297,1290,2080
TC_T9-18,9,T9-18,GU,Liquidambar styracaflua,4.44,1.413295895,28.7,32.1,56.1,26/07/14,15.489539,-88.236183,367399.3928,1712854.417,1259.874878,1297,1290,2080
TC_T9-19,9,T9-19,GU,Liquidambar styracaflua,4.44,1.413295895,28.7,32.1,56.1,26/07/14,15.489539,-88.236183,367399.3928,1712854.417,1259.874878,1297,1290,2080
TC_T9-2,9,T9-2,GU,Liquidambar styracaflua,4.44,1.413295895,28.7,32.1,56.1,26/07/14,15.489539,-88.236183,367399.3928,1712854.417,1259.874878,1297,1290,2080
TC_T9-20,9,T9-20,GU,Liquidambar styracaflua,4.44,1.413295895,28.7,32.1,56.1,26/07/14,15.489539,-88.236183,367399.3928,1712854.417,1259.874878,1297,1290,2080
TC_T9-21,9,T9-21,GU,Liquidambar styracaflua,4.44,1.413295895,28.7,32.1,56.1,26/07/14,15.489539,-88.236183,367399.3928,1712854.417,1259.874878,1297,1290,2080
TC_T9-22,9,T9-22,GU,Liquidambar styracaflua,4.44,1.413295895,28.7,32.1,56.1,26/07/14,15.489539,-88.236183,367399.3928,1712854.417,1259.874878,1297,1290,2080
TC_T9-23,9,T9-23,GU,Liquidambar styracaflua,4.44,1.413295895,28.7,32.1,56.1,26/07/14,15.489539,-88.236183,367399.3928,1712854.417,1259.874878,1297,1290,2080
TC_T9-24,9,T9-24,GU,Liquidambar styracaflua,4.44,1.413295895,28.7,32.1,56.1,26/07/14,15.489539,-88.236183,367399.3928,1712854.417,1259.874878,1297,1290,2080
TC_T9-25,9,T9-25,GU,Liquidambar styracaflua,4.44,1.413295895,28.7,32.1,56.1,26/07/14,15.489539,-88.236183,367399.3928,1712854.417,1259.874878,1297,1290,2080
TC_T9-26,9,T9-26,GU,Liquidambar styracaflua,4.44,1.413295895,28.7,32.1,56.1,26/07/14,15.489539,-88.236183,367399.3928,1712854.417,1259.874878,1297,1290,2080
TC_T9-27,9,T9-27,GU,Liquidambar styracaflua,4.44,1.413295895,28.7,32.1,56.1,26/07/14,15.489539,-88.236183,367399.3928,1712854.417,1259.874878,1297,1290,2080
TC_T9-28,9,T9-28,GU,Liquidambar styracaflua,4.44,1.413295895,28.7,32.1,56.1,26/07/14,15.489539,-88.236183,367399.3928,1712854.417,1259.874878,1297,1290,2080
TC_T9-29,9,T9-29,GU,Liquidambar styracaflua,4.44,1.413295895,28.7,32.1,56.1,26/07/14,15.489539,-88.236183,367399.3928,1712854.417,1259.874878,1297,1290,2080
TC_T9-3,9,T9-3,GU,Liquidambar styracaflua,4.44,1.413295895,28.7,32.1,56.1,26/07/14,15.489539,-88.236183,367399.3928,1712854.417,1259.874878,1297,1290,2080
TC_T9-30,9,T9-30,GU,Liquidambar styracaflua,4.44,1.413295895,28.7,32.1,56.1,26/07/14,15.489539,-88.236183,367399.3928,1712854.417,1259.874878,1297,1290,2080
TC_T9-31,9,T9-31,GU,Liquidambar styracaflua,4.44,1.413295895,28.7,32.1,56.1,26/07/14,15.489539,-88.236183,367399.3928,1712854.417,1259.874878,1297,1290,2080
TC_T9-32,9,T9-32,GU,Liquidambar styracaflua,4.44,1.413295895,28.7,32.1,56.1,26/07/14,15.489539,-88.236183,367399.3928,1712854.417,1259.874878,1297,1290,2080
TC_T9-33,9,T9-33,GU,Liquidambar styracaflua,4.44,1.413295895,28.7,32.1,56.1,26/07/14,15.489539,-88.236183,367399.3928,1712854.417,1259.874878,1297,1290,2080
TC_T9-34,9,T9-34,GU,Liquidambar styracaflua,4.44,1.413295895,28.7,32.1,56.1,26/07/14,15.489539,-88.236183,367399.3928,1712854.417,1259.874878,1297,1290,2080
TC_T9-4,9,T9-4,GU,Liquidambar styracaflua,4.44,1.413295895,28.7,32.1,56.1,26/07/14,15.489539,-88.236183,367399.3928,1712854.417,1259.874878,1297,1290,2080
TC_T9-5,9,T9-5,GU,Liquidambar styracaflua,4.44,1.413295895,28.7,32.1,56.1,26/07/14,15.489539,-88.236183,367399.3928,1712854.417,1259.874878,1297,1290,2080
TC_T9-6,9,T9-6,GU,Liquidambar styracaflua,4.44,1.413295895,28.7,32.1,56.1,26/07/14,15.489539,-88.236183,367399.3928,1712854.417,1259.874878,1297,1290,2080
TC_T9-7,9,T9-7,GU,Liquidambar styracaflua,4.44,1.413295895,28.7,32.1,56.1,26/07/14,15.489539,-88.236183,367399.3928,1712854.417,1259.874878,1297,1290,2080
TC_T9-8,9,T9-8,GU,Liquidambar styracaflua,4.44,1.413295895,28.7,32.1,56.1,26/07/14,15.489539,-88.236183,367399.3928,1712854.417,1259.874878,1297,1290,2080
TC_T9-9,9,T9-9,GU,Liquidambar styracaflua,4.44,1.413295895,28.7,32.1,56.1,26/07/14,15.489539,-88.236183,367399.3928,1712854.417,1259.874878,1297,1290,2080
TC_T10-1,10,T10-1,GU,Liquidambar styracaflua,3.769911184,1.2,25,25,40,29/07/14,15.487425,-88.234609,367566.9064,1712619.57,1324.59,1294,1294,2080
TC_T10-10,10,T10-10,GU,Liquidambar styracaflua,3.769911184,1.2,25,25,40,29/07/14,15.487425,-88.234609,367566.9064,1712619.57,1324.59,1294,1294,2080
TC_T10-11,10,T10-11,GU,Liquidambar styracaflua,3.769911184,1.2,25,25,40,29/07/14,15.487425,-88.234609,367566.9064,1712619.57,1324.59,1294,1294,2080
TC_T10-12,10,T10-12,GU,Liquidambar styracaflua,3.769911184,1.2,25,25,40,29/07/14,15.487425,-88.234609,367566.9064,1712619.57,1324.59,1294,1294,2080
TC_T10-13,10,T10-13,GU,Liquidambar styracaflua,3.769911184,1.2,25,25,40,29/07/14,15.487425,-88.234609,367566.9064,1712619.57,1324.59,1294,1294,2080
TC_T10-14,10,T10-14,GU,Liquidambar styracaflua,3.769911184,1.2,25,25,40,29/07/14,15.487425,-88.234609,367566.9064,1712619.57,1324.59,1294,1294,2080
TC_T10-15,10,T10-15,GU,Liquidambar styracaflua,3.769911184,1.2,25,25,40,29/07/14,15.487425,-88.234609,367566.9064,1712619.57,1324.59,1294,1294,2080
TC_T10-16,10,T10-16,GU,Liquidambar styracaflua,3.769911184,1.2,25,25,40,29/07/14,15.487425,-88.234609,367566.9064,1712619.57,1324.59,1294,1294,2080
TC_T10-17,10,T10-17,GU,Liquidambar styracaflua,3.769911184,1.2,25,25,40,29/07/14,15.487425,-88.234609,367566.9064,1712619.57,1324.59,1294,1294,2080
TC_T10-18,10,T10-18,GU,Liquidambar styracaflua,3.769911184,1.2,25,25,40,29/07/14,15.487425,-88.234609,367566.9064,1712619.57,1324.59,1294,1294,2080
TC_T10-19,10,T10-19,GU,Liquidambar styracaflua,3.769911184,1.2,25,25,40,29/07/14,15.487425,-88.234609,367566.9064,1712619.57,1324.59,1294,1294,2080
TC_T10-2,10,T10-2,GU,Liquidambar styracaflua,3.769911184,1.2,25,25,40,29/07/14,15.487425,-88.234609,367566.9064,1712619.57,1324.59,1294,1294,2080
TC_T10-20,10,T10-20,GU,Liquidambar styracaflua,3.769911184,1.2,25,25,40,29/07/14,15.487425,-88.234609,367566.9064,1712619.57,1324.59,1294,1294,2080
TC_T10-21,10,T10-21,GU,Liquidambar styracaflua,3.769911184,1.2,25,25,40,29/07/14,15.487425,-88.234609,367566.9064,1712619.57,1324.59,1294,1294,2080
TC_T10-22,10,T10-22,GU,Liquidambar styracaflua,3.769911184,1.2,25,25,40,29/07/14,15.487425,-88.234609,367566.9064,1712619.57,1324.59,1294,1294,2080
TC_T10-23,10,T10-23,GU,Liquidambar styracaflua,3.769911184,1.2,25,25,40,29/07/14,15.487425,-88.234609,367566.9064,1712619.57,1324.59,1294,1294,2080
TC_T10-24,10,T10-24,GU,Liquidambar styracaflua,3.769911184,1.2,25,25,40,29/07/14,15.487425,-88.234609,367566.9064,1712619.57,1324.59,1294,1294,2080
TC_T10-25,10,T10-25,GU,Liquidambar styracaflua,3.769911184,1.2,25,25,40,29/07/14,15.487425,-88.234609,367566.9064,1712619.57,1324.59,1294,1294,2080
TC_T10-26,10,T10-26,GU,Liquidambar styracaflua,3.769911184,1.2,25,25,40,29/07/14,15.487425,-88.234609,367566.9064,1712619.57,1324.59,1294,1294,2080
TC_T10-27,10,T10-27,GU,Liquidambar styracaflua,3.769911184,1.2,25,25,40,29/07/14,15.487425,-88.234609,367566.9064,1712619.57,1324.59,1294,1294,2080
TC_T10-28,10,T10-28,GU,Liquidambar styracaflua,3.769911184,1.2,25,25,40,29/07/14,15.487425,-88.234609,367566.9064,1712619.57,1324.59,1294,1294,2080
TC_T10-29,10,T10-29,GU,Liquidambar styracaflua,3.769911184,1.2,25,25,40,29/07/14,15.487425,-88.234609,367566.9064,1712619.57,1324.59,1294,1294,2080
TC_T10-3,10,T10-3,GU,Liquidambar styracaflua,3.769911184,1.2,25,25,40,29/07/14,15.487425,-88.234609,367566.9064,1712619.57,1324.59,1294,1294,2080
TC_T10-30,10,T10-30,GU,Liquidambar styracaflua,3.769911184,1.2,25,25,40,29/07/14,15.487425,-88.234609,367566.9064,1712619.57,1324.59,1294,1294,2080
TC_T10-31,10,T10-31,GU,Liquidambar styracaflua,3.769911184,1.2,25,25,40,29/07/14,15.487425,-88.234609,367566.9064,1712619.57,1324.59,1294,1294,2080
TC_T10-32,10,T10-32,GU,Liquidambar styracaflua,3.769911184,1.2,25,25,40,29/07/14,15.487425,-88.234609,367566.9064,1712619.57,1324.59,1294,1294,2080
TC_T10-4,10,T10-4,GU,Liquidambar styracaflua,3.769911184,1.2,25,25,40,29/07/14,15.487425,-88.234609,367566.9064,1712619.57,1324.59,1294,1294,2080
TC_T10-5,10,T10-5,GU,Liquidambar styracaflua,3.769911184,1.2,25,25,40,29/07/14,15.487425,-88.234609,367566.9064,1712619.57,1324.59,1294,1294,2080
TC_T10-6,10,T10-6,GU,Liquidambar styracaflua,3.769911184,1.2,25,25,40,29/07/14,15.487425,-88.234609,367566.9064,1712619.57,1324.59,1294,1294,2080
TC_T10-7,10,T10-7,GU,Liquidambar styracaflua,3.769911184,1.2,25,25,40,29/07/14,15.487425,-88.234609,367566.9064,1712619.57,1324.59,1294,1294,2080
TC_T10-8,10,T10-8,GU,Liquidambar styracaflua,3.769911184,1.2,25,25,40,29/07/14,15.487425,-88.234609,367566.9064,1712619.57,1324.59,1294,1294,2080
TC_T10-9,10,T10-9,GU,Liquidambar styracaflua,3.769911184,1.2,25,25,40,29/07/14,15.487425,-88.234609,367566.9064,1712619.57,1324.59,1294,1294,2080
TC_T11-1,11,T11-1,BC,Liquidambar styracaflua,2.87,0.913549373,23,25,37,02/08/14,15.495066,-88.213672,369817.8363,1713452.083,1602.21,1600,1600,2020
TC_T11-10,11,T11-10,BC,Liquidambar styracaflua,2.87,0.913549373,23,25,37,02/08/14,15.495066,-88.213672,369817.8363,1713452.083,1602.21,1600,1600,2020
TC_T11-11,11,T11-11,BC,Liquidambar styracaflua,2.87,0.913549373,23,25,37,02/08/14,15.495066,-88.213672,369817.8363,1713452.083,1602.21,1600,1600,2020
TC_T11-12,11,T11-12,BC,Liquidambar styracaflua,2.87,0.913549373,23,25,37,02/08/14,15.495066,-88.213672,369817.8363,1713452.083,1602.21,1600,1600,2020
TC_T11-13,11,T11-13,BC,Liquidambar styracaflua,2.87,0.913549373,23,25,37,02/08/14,15.495066,-88.213672,369817.8363,1713452.083,1602.21,1600,1600,2020
TC_T11-14,11,T11-14,BC,Liquidambar styracaflua,2.87,0.913549373,23,25,37,02/08/14,15.495066,-88.213672,369817.8363,1713452.083,1602.21,1600,1600,2020
TC_T11-15,11,T11-15,BC,Liquidambar styracaflua,2.87,0.913549373,23,25,37,02/08/14,15.495066,-88.213672,369817.8363,1713452.083,1602.21,1600,1600,2020
TC_T11-16,11,T11-16,BC,Liquidambar styracaflua,2.87,0.913549373,23,25,37,02/08/14,15.495066,-88.213672,369817.8363,1713452.083,1602.21,1600,1600,2020
TC_T11-17,11,T11-17,BC,Liquidambar styracaflua,2.87,0.913549373,23,25,37,02/08/14,15.495066,-88.213672,369817.8363,1713452.083,1602.21,1600,1600,2020
TC_T11-18,11,T11-18,BC,Liquidambar styracaflua,2.87,0.913549373,23,25,37,02/08/14,15.495066,-88.213672,369817.8363,1713452.083,1602.21,1600,1600,2020
TC_T11-19,11,T11-19,BC,Liquidambar styracaflua,2.87,0.913549373,23,25,37,02/08/14,15.495066,-88.213672,369817.8363,1713452.083,1602.21,1600,1600,2020
TC_T11-2,11,T11-2,BC,Liquidambar styracaflua,2.87,0.913549373,23,25,37,02/08/14,15.495066,-88.213672,369817.8363,1713452.083,1602.21,1600,1600,2020
TC_T11-20,11,T11-20,BC,Liquidambar styracaflua,2.87,0.913549373,23,25,37,02/08/14,15.495066,-88.213672,369817.8363,1713452.083,1602.21,1600,1600,2020
TC_T11-21,11,T11-21,BC,Liquidambar styracaflua,2.87,0.913549373,23,25,37,02/08/14,15.495066,-88.213672,369817.8363,1713452.083,1602.21,1600,1600,2020
TC_T11-22,11,T11-22,BC,Liquidambar styracaflua,2.87,0.913549373,23,25,37,02/08/14,15.495066,-88.213672,369817.8363,1713452.083,1602.21,1600,1600,2020
TC_T11-23,11,T11-23,BC,Liquidambar styracaflua,2.87,0.913549373,23,25,37,02/08/14,15.495066,-88.213672,369817.8363,1713452.083,1602.21,1600,1600,2020
TC_T11-24,11,T11-24,BC,Liquidambar styracaflua,2.87,0.913549373,23,25,37,02/08/14,15.495066,-88.213672,369817.8363,1713452.083,1602.21,1600,1600,2020
TC_T11-25,11,T11-25,BC,Liquidambar styracaflua,2.87,0.913549373,23,25,37,02/08/14,15.495066,-88.213672,369817.8363,1713452.083,1602.21,1600,1600,2020
TC_T11-26,11,T11-26,BC,Liquidambar styracaflua,2.87,0.913549373,23,25,37,02/08/14,15.495066,-88.213672,369817.8363,1713452.083,1602.21,1600,1600,2020
TC_T11-27,11,T11-27,BC,Liquidambar styracaflua,2.87,0.913549373,23,25,37,02/08/14,15.495066,-88.213672,369817.8363,1713452.083,1602.21,1600,1600,2020
TC_T11-28,11,T11-28,BC,Liquidambar styracaflua,2.87,0.913549373,23,25,37,02/08/14,15.495066,-88.213672,369817.8363,1713452.083,1602.21,1600,1600,2020
TC_T11-29,11,T11-29,BC,Liquidambar styracaflua,2.87,0.913549373,23,25,37,02/08/14,15.495066,-88.213672,369817.8363,1713452.083,1602.21,1600,1600,2020
TC_T11-3,11,T11-3,BC,Liquidambar styracaflua,2.87,0.913549373,23,25,37,02/08/14,15.495066,-88.213672,369817.8363,1713452.083,1602.21,1600,1600,2020
TC_T11-30,11,T11-30,BC,Liquidambar styracaflua,2.87,0.913549373,23,25,37,02/08/14,15.495066,-88.213672,369817.8363,1713452.083,1602.21,1600,1600,2020
TC_T11-31,11,T11-31,BC,Liquidambar styracaflua,2.87,0.913549373,23,25,37,02/08/14,15.495066,-88.213672,369817.8363,1713452.083,1602.21,1600,1600,2020
TC_T11-32,11,T11-32,BC,Liquidambar styracaflua,2.87,0.913549373,23,25,37,02/08/14,15.495066,-88.213672,369817.8363,1713452.083,1602.21,1600,1600,2020
TC_T11-33,11,T11-33,BC,Liquidambar styracaflua,2.87,0.913549373,23,25,37,02/08/14,15.495066,-88.213672,369817.8363,1713452.083,1602.21,1600,1600,2020
TC_T11-4,11,T11-4,BC,Liquidambar styracaflua,2.87,0.913549373,23,25,37,02/08/14,15.495066,-88.213672,369817.8363,1713452.083,1602.21,1600,1600,2020
TC_T11-5,11,T11-5,BC,Liquidambar styracaflua,2.87,0.913549373,23,25,37,02/08/14,15.495066,-88.213672,369817.8363,1713452.083,1602.21,1600,1600,2020
TC_T11-6,11,T11-6,BC,Liquidambar styracaflua,2.87,0.913549373,23,25,37,02/08/14,15.495066,-88.213672,369817.8363,1713452.083,1602.21,1600,1600,2020
TC_T11-7,11,T11-7,BC,Liquidambar styracaflua,2.87,0.913549373,23,25,37,02/08/14,15.495066,-88.213672,369817.8363,1713452.083,1602.21,1600,1600,2020
TC_T11-8,11,T11-8,BC,Liquidambar styracaflua,2.87,0.913549373,23,25,37,02/08/14,15.495066,-88.213672,369817.8363,1713452.083,1602.21,1600,1600,2020
TC_T11-9,11,T11-9,BC,Liquidambar styracaflua,2.87,0.913549373,23,25,37,02/08/14,15.495066,-88.213672,369817.8363,1713452.083,1602.21,1600,1600,2020
TC_T12-1,12,T12-1,BC,Liquidambar styracaflua,2.4,0.763943727,16.8,18.5,39,04/08/14,15.494596,-88.213369,369850.047,1713399.902,1527.39,1600,1600,2020
TC_T12-10,12,T12-10,BC,Liquidambar styracaflua,2.4,0.763943727,16.8,18.5,39,04/08/14,15.494596,-88.213369,369850.047,1713399.902,1527.39,1600,1600,2020
TC_T12-11,12,T12-11,BC,Liquidambar styracaflua,2.4,0.763943727,16.8,18.5,39,04/08/14,15.494596,-88.213369,369850.047,1713399.902,1527.39,1600,1600,2020
TC_T12-12,12,T12-12,BC,Liquidambar styracaflua,2.4,0.763943727,16.8,18.5,39,04/08/14,15.494596,-88.213369,369850.047,1713399.902,1527.39,1600,1600,2020
TC_T12-13,12,T12-13,BC,Liquidambar styracaflua,2.4,0.763943727,16.8,18.5,39,04/08/14,15.494596,-88.213369,369850.047,1713399.902,1527.39,1600,1600,2020
TC_T12-14,12,T12-14,BC,Liquidambar styracaflua,2.4,0.763943727,16.8,18.5,39,04/08/14,15.494596,-88.213369,369850.047,1713399.902,1527.39,1600,1600,2020
TC_T12-15,12,T12-15,BC,Liquidambar styracaflua,2.4,0.763943727,16.8,18.5,39,04/08/14,15.494596,-88.213369,369850.047,1713399.902,1527.39,1600,1600,2020
TC_T12-16,12,T12-16,BC,Liquidambar styracaflua,2.4,0.763943727,16.8,18.5,39,04/08/14,15.494596,-88.213369,369850.047,1713399.902,1527.39,1600,1600,2020
TC_T12-17,12,T12-17,BC,Liquidambar styracaflua,2.4,0.763943727,16.8,18.5,39,04/08/14,15.494596,-88.213369,369850.047,1713399.902,1527.39,1600,1600,2020
TC_T12-18,12,T12-18,BC,Liquidambar styracaflua,2.4,0.763943727,16.8,18.5,39,04/08/14,15.494596,-88.213369,369850.047,1713399.902,1527.39,1600,1600,2020
TC_T12-19,12,T12-19,BC,Liquidambar styracaflua,2.4,0.763943727,16.8,18.5,39,04/08/14,15.494596,-88.213369,369850.047,1713399.902,1527.39,1600,1600,2020
TC_T12-2,12,T12-2,BC,Liquidambar styracaflua,2.4,0.763943727,16.8,18.5,39,04/08/14,15.494596,-88.213369,369850.047,1713399.902,1527.39,1600,1600,2020
TC_T12-20,12,T12-20,BC,Liquidambar styracaflua,2.4,0.763943727,16.8,18.5,39,04/08/14,15.494596,-88.213369,369850.047,1713399.902,1527.39,1600,1600,2020
TC_T12-21,12,T12-21,BC,Liquidambar styracaflua,2.4,0.763943727,16.8,18.5,39,04/08/14,15.494596,-88.213369,369850.047,1713399.902,1527.39,1600,1600,2020
TC_T12-22,12,T12-22,BC,Liquidambar styracaflua,2.4,0.763943727,16.8,18.5,39,04/08/14,15.494596,-88.213369,369850.047,1713399.902,1527.39,1600,1600,2020
TC_T12-23,12,T12-23,BC,Liquidambar styracaflua,2.4,0.763943727,16.8,18.5,39,04/08/14,15.494596,-88.213369,369850.047,1713399.902,1527.39,1600,1600,2020
TC_T12-24,12,T12-24,BC,Liquidambar styracaflua,2.4,0.763943727,16.8,18.5,39,04/08/14,15.494596,-88.213369,369850.047,1713399.902,1527.39,1600,1600,2020
TC_T12-25,12,T12-25,BC,Liquidambar styracaflua,2.4,0.763943727,16.8,18.5,39,04/08/14,15.494596,-88.213369,369850.047,1713399.902,1527.39,1600,1600,2020
TC_T12-26,12,T12-26,BC,Liquidambar styracaflua,2.4,0.763943727,16.8,18.5,39,04/08/14,15.494596,-88.213369,369850.047,1713399.902,1527.39,1600,1600,2020
TC_T12-27,12,T12-27,BC,Liquidambar styracaflua,2.4,0.763943727,16.8,18.5,39,04/08/14,15.494596,-88.213369,369850.047,1713399.902,1527.39,1600,1600,2020
TC_T12-28,12,T12-28,BC,Liquidambar styracaflua,2.4,0.763943727,16.8,18.5,39,04/08/14,15.494596,-88.213369,369850.047,1713399.902,1527.39,1600,1600,2020
TC_T12-29,12,T12-29,BC,Liquidambar styracaflua,2.4,0.763943727,16.8,18.5,39,04/08/14,15.494596,-88.213369,369850.047,1713399.902,1527.39,1600,1600,2020
TC_T12-3,12,T12-3,BC,Liquidambar styracaflua,2.4,0.763943727,16.8,18.5,39,04/08/14,15.494596,-88.213369,369850.047,1713399.902,1527.39,1600,1600,2020
TC_T12-30,12,T12-30,BC,Liquidambar styracaflua,2.4,0.763943727,16.8,18.5,39,04/08/14,15.494596,-88.213369,369850.047,1713399.902,1527.39,1600,1600,2020
TC_T12-31,12,T12-31,BC,Liquidambar styracaflua,2.4,0.763943727,16.8,18.5,39,04/08/14,15.494596,-88.213369,369850.047,1713399.902,1527.39,1600,1600,2020
TC_T12-32,12,T12-32,BC,Liquidambar styracaflua,2.4,0.763943727,16.8,18.5,39,04/08/14,15.494596,-88.213369,369850.047,1713399.902,1527.39,1600,1600,2020
TC_T12-33,12,T12-33,BC,Liquidambar styracaflua,2.4,0.763943727,16.8,18.5,39,04/08/14,15.494596,-88.213369,369850.047,1713399.902,1527.39,1600,1600,2020
TC_T12-34,12,T12-34,BC,Liquidambar styracaflua,2.4,0.763943727,16.8,18.5,39,04/08/14,15.494596,-88.213369,369850.047,1713399.902,1527.39,1600,1600,2020
TC_T12-4,12,T12-4,BC,Liquidambar styracaflua,2.4,0.763943727,16.8,18.5,39,04/08/14,15.494596,-88.213369,369850.047,1713399.902,1527.39,1600,1600,2020
TC_T12-5,12,T12-5,BC,Liquidambar styracaflua,2.4,0.763943727,16.8,18.5,39,04/08/14,15.494596,-88.213369,369850.047,1713399.902,1527.39,1600,1600,2020
TC_T12-6,12,T12-6,BC,Liquidambar styracaflua,2.4,0.763943727,16.8,18.5,39,04/08/14,15.494596,-88.213369,369850.047,1713399.902,1527.39,1600,1600,2020
TC_T12-7,12,T12-7,BC,Liquidambar styracaflua,2.4,0.763943727,16.8,18.5,39,04/08/14,15.494596,-88.213369,369850.047,1713399.902,1527.39,1600,1600,2020
TC_T12-8,12,T12-8,BC,Liquidambar styracaflua,2.4,0.763943727,16.8,18.5,39,04/08/14,15.494596,-88.213369,369850.047,1713399.902,1527.39,1600,1600,2020
TC_T12-9,12,T12-9,BC,Liquidambar styracaflua,2.4,0.763943727,16.8,18.5,39,04/08/14,15.494596,-88.213369,369850.047,1713399.902,1527.39,1600,1600,2020
TC_T13-1,13,T13-1,BC,Liquidambar styracaflua,4.2,1.336901522,24,26.5,47.5,16/06/15,15.494643,-88.215253,369647.9662,1713406.246,1618.497803,1600,1600,2020
TC_T13-10,13,T13-10,BC,Liquidambar styracaflua,4.2,1.336901522,24,26.5,47.5,16/06/15,15.494643,-88.215253,369647.9662,1713406.246,1618.497803,1600,1600,2020
TC_T13-11,13,T13-11,BC,Liquidambar styracaflua,4.2,1.336901522,24,26.5,47.5,16/06/15,15.494643,-88.215253,369647.9662,1713406.246,1618.497803,1600,1600,2020
TC_T13-12,13,T13-12,BC,Liquidambar styracaflua,4.2,1.336901522,24,26.5,47.5,16/06/15,15.494643,-88.215253,369647.9662,1713406.246,1618.497803,1600,1600,2020
TC_T13-13,13,T13-13,BC,Liquidambar styracaflua,4.2,1.336901522,24,26.5,47.5,16/06/15,15.494643,-88.215253,369647.9662,1713406.246,1618.497803,1600,1600,2020
TC_T13-14,13,T13-14,BC,Liquidambar styracaflua,4.2,1.336901522,24,26.5,47.5,16/06/15,15.494643,-88.215253,369647.9662,1713406.246,1618.497803,1600,1600,2020
TC_T13-15,13,T13-15,BC,Liquidambar styracaflua,4.2,1.336901522,24,26.5,47.5,16/06/15,15.494643,-88.215253,369647.9662,1713406.246,1618.497803,1600,1600,2020
TC_T13-16,13,T13-16,BC,Liquidambar styracaflua,4.2,1.336901522,24,26.5,47.5,16/06/15,15.494643,-88.215253,369647.9662,1713406.246,1618.497803,1600,1600,2020
TC_T13-17,13,T13-17,BC,Liquidambar styracaflua,4.2,1.336901522,24,26.5,47.5,16/06/15,15.494643,-88.215253,369647.9662,1713406.246,1618.497803,1600,1600,2020
TC_T13-18,13,T13-18,BC,Liquidambar styracaflua,4.2,1.336901522,24,26.5,47.5,16/06/15,15.494643,-88.215253,369647.9662,1713406.246,1618.497803,1600,1600,2020
TC_T13-19,13,T13-19,BC,Liquidambar styracaflua,4.2,1.336901522,24,26.5,47.5,16/06/15,15.494643,-88.215253,369647.9662,1713406.246,1618.497803,1600,1600,2020
TC_T13-2,13,T13-2,BC,Liquidambar styracaflua,4.2,1.336901522,24,26.5,47.5,16/06/15,15.494643,-88.215253,369647.9662,1713406.246,1618.497803,1600,1600,2020
TC_T13-20,13,T13-20,BC,Liquidambar styracaflua,4.2,1.336901522,24,26.5,47.5,16/06/15,15.494643,-88.215253,369647.9662,1713406.246,1618.497803,1600,1600,2020
TC_T13-21,13,T13-21,BC,Liquidambar styracaflua,4.2,1.336901522,24,26.5,47.5,16/06/15,15.494643,-88.215253,369647.9662,1713406.246,1618.497803,1600,1600,2020
TC_T13-22,13,T13-22,BC,Liquidambar styracaflua,4.2,1.336901522,24,26.5,47.5,16/06/15,15.494643,-88.215253,369647.9662,1713406.246,1618.497803,1600,1600,2020
TC_T13-23,13,T13-23,BC,Liquidambar styracaflua,4.2,1.336901522,24,26.5,47.5,16/06/15,15.494643,-88.215253,369647.9662,1713406.246,1618.497803,1600,1600,2020
TC_T13-24,13,T13-24,BC,Liquidambar styracaflua,4.2,1.336901522,24,26.5,47.5,16/06/15,15.494643,-88.215253,369647.9662,1713406.246,1618.497803,1600,1600,2020
TC_T13-25,13,T13-25,BC,Liquidambar styracaflua,4.2,1.336901522,24,26.5,47.5,16/06/15,15.494643,-88.215253,369647.9662,1713406.246,1618.497803,1600,1600,2020
TC_T13-26,13,T13-26,BC,Liquidambar styracaflua,4.2,1.336901522,24,26.5,47.5,16/06/15,15.494643,-88.215253,369647.9662,1713406.246,1618.497803,1600,1600,2020
TC_T13-27,13,T13-27,BC,Liquidambar styracaflua,4.2,1.336901522,24,26.5,47.5,16/06/15,15.494643,-88.215253,369647.9662,1713406.246,1618.497803,1600,1600,2020
TC_T13-28,13,T13-28,BC,Liquidambar styracaflua,4.2,1.336901522,24,26.5,47.5,16/06/15,15.494643,-88.215253,369647.9662,1713406.246,1618.497803,1600,1600,2020
TC_T13-29,13,T13-29,BC,Liquidambar styracaflua,4.2,1.336901522,24,26.5,47.5,16/06/15,15.494643,-88.215253,369647.9662,1713406.246,1618.497803,1600,1600,2020
TC_T13-3,13,T13-3,BC,Liquidambar styracaflua,4.2,1.336901522,24,26.5,47.5,16/06/15,15.494643,-88.215253,369647.9662,1713406.246,1618.497803,1600,1600,2020
TC_T13-30,13,T13-30,BC,Liquidambar styracaflua,4.2,1.336901522,24,26.5,47.5,16/06/15,15.494643,-88.215253,369647.9662,1713406.246,1618.497803,1600,1600,2020
TC_T13-31,13,T13-31,BC,Liquidambar styracaflua,4.2,1.336901522,24,26.5,47.5,16/06/15,15.494643,-88.215253,369647.9662,1713406.246,1618.497803,1600,1600,2020
TC_T13-32,13,T13-32,BC,Liquidambar styracaflua,4.2,1.336901522,24,26.5,47.5,16/06/15,15.494643,-88.215253,369647.9662,1713406.246,1618.497803,1600,1600,2020
TC_T13-33,13,T13-33,BC,Liquidambar styracaflua,4.2,1.336901522,24,26.5,47.5,16/06/15,15.494643,-88.215253,369647.9662,1713406.246,1618.497803,1600,1600,2020
TC_T13-34,13,T13-34,BC,Liquidambar styracaflua,4.2,1.336901522,24,26.5,47.5,16/06/15,15.494643,-88.215253,369647.9662,1713406.246,1618.497803,1600,1600,2020
TC_T13-35,13,T13-35,BC,Liquidambar styracaflua,4.2,1.336901522,24,26.5,47.5,16/06/15,15.494643,-88.215253,369647.9662,1713406.246,1618.497803,1600,1600,2020
TC_T13-4,13,T13-4,BC,Liquidambar styracaflua,4.2,1.336901522,24,26.5,47.5,16/06/15,15.494643,-88.215253,369647.9662,1713406.246,1618.497803,1600,1600,2020
TC_T13-5,13,T13-5,BC,Liquidambar styracaflua,4.2,1.336901522,24,26.5,47.5,16/06/15,15.494643,-88.215253,369647.9662,1713406.246,1618.497803,1600,1600,2020
TC_T13-6,13,T13-6,BC,Liquidambar styracaflua,4.2,1.336901522,24,26.5,47.5,16/06/15,15.494643,-88.215253,369647.9662,1713406.246,1618.497803,1600,1600,2020
TC_T13-7,13,T13-7,BC,Liquidambar styracaflua,4.2,1.336901522,24,26.5,47.5,16/06/15,15.494643,-88.215253,369647.9662,1713406.246,1618.497803,1600,1600,2020
TC_T13-8,13,T13-8,BC,Liquidambar styracaflua,4.2,1.336901522,24,26.5,47.5,16/06/15,15.494643,-88.215253,369647.9662,1713406.246,1618.497803,1600,1600,2020
TC_T13-9,13,T13-9,BC,Liquidambar styracaflua,4.2,1.336901522,24,26.5,47.5,16/06/15,15.494643,-88.215253,369647.9662,1713406.246,1618.497803,1600,1600,2020
TC_T14-1,14,T14-1,CP,Liquidambar styracaflua,3.3,1.050422624,23,23,43,21/06/15,15.507523,-88.215256,369655.7229,1714831.173,1718.647827,1702,1698,2020
TC_T14-10,14,T14-10,CP,Liquidambar styracaflua,3.3,1.050422624,23,23,43,21/06/15,15.507523,-88.215256,369655.7229,1714831.173,1718.647827,1702,1698,2020
TC_T14-11,14,T14-11,CP,Liquidambar styracaflua,3.3,1.050422624,23,23,43,21/06/15,15.507523,-88.215256,369655.7229,1714831.173,1718.647827,1702,1698,2020
TC_T14-12,14,T14-12,CP,Liquidambar styracaflua,3.3,1.050422624,23,23,43,21/06/15,15.507523,-88.215256,369655.7229,1714831.173,1718.647827,1702,1698,2020
TC_T14-13,14,T14-13,CP,Liquidambar styracaflua,3.3,1.050422624,23,23,43,21/06/15,15.507523,-88.215256,369655.7229,1714831.173,1718.647827,1702,1698,2020
TC_T14-14,14,T14-14,CP,Liquidambar styracaflua,3.3,1.050422624,23,23,43,21/06/15,15.507523,-88.215256,369655.7229,1714831.173,1718.647827,1702,1698,2020
TC_T14-15,14,T14-15,CP,Liquidambar styracaflua,3.3,1.050422624,23,23,43,21/06/15,15.507523,-88.215256,369655.7229,1714831.173,1718.647827,1702,1698,2020
TC_T14-16,14,T14-16,CP,Liquidambar styracaflua,3.3,1.050422624,23,23,43,21/06/15,15.507523,-88.215256,369655.7229,1714831.173,1718.647827,1702,1698,2020
TC_T14-17,14,T14-17,CP,Liquidambar styracaflua,3.3,1.050422624,23,23,43,21/06/15,15.507523,-88.215256,369655.7229,1714831.173,1718.647827,1702,1698,2020
TC_T14-18,14,T14-18,CP,Liquidambar styracaflua,3.3,1.050422624,23,23,43,21/06/15,15.507523,-88.215256,369655.7229,1714831.173,1718.647827,1702,1698,2020
TC_T14-19,14,T14-19,CP,Liquidambar styracaflua,3.3,1.050422624,23,23,43,21/06/15,15.507523,-88.215256,369655.7229,1714831.173,1718.647827,1702,1698,2020
TC_T14-2,14,T14-2,CP,Liquidambar styracaflua,3.3,1.050422624,23,23,43,21/06/15,15.507523,-88.215256,369655.7229,1714831.173,1718.647827,1702,1698,2020
TC_T14-20,14,T14-20,CP,Liquidambar styracaflua,3.3,1.050422624,23,23,43,21/06/15,15.507523,-88.215256,369655.7229,1714831.173,1718.647827,1702,1698,2020
TC_T14-21,14,T14-21,CP,Liquidambar styracaflua,3.3,1.050422624,23,23,43,21/06/15,15.507523,-88.215256,369655.7229,1714831.173,1718.647827,1702,1698,2020
TC_T14-22,14,T14-22,CP,Liquidambar styracaflua,3.3,1.050422624,23,23,43,21/06/15,15.507523,-88.215256,369655.7229,1714831.173,1718.647827,1702,1698,2020
TC_T14-23,14,T14-23,CP,Liquidambar styracaflua,3.3,1.050422624,23,23,43,21/06/15,15.507523,-88.215256,369655.7229,1714831.173,1718.647827,1702,1698,2020
TC_T14-24,14,T14-24,CP,Liquidambar styracaflua,3.3,1.050422624,23,23,43,21/06/15,15.507523,-88.215256,369655.7229,1714831.173,1718.647827,1702,1698,2020
TC_T14-25,14,T14-25,CP,Liquidambar styracaflua,3.3,1.050422624,23,23,43,21/06/15,15.507523,-88.215256,369655.7229,1714831.173,1718.647827,1702,1698,2020
TC_T14-26,14,T14-26,CP,Liquidambar styracaflua,3.3,1.050422624,23,23,43,21/06/15,15.507523,-88.215256,369655.7229,1714831.173,1718.647827,1702,1698,2020
TC_T14-27,14,T14-27,CP,Liquidambar styracaflua,3.3,1.050422624,23,23,43,21/06/15,15.507523,-88.215256,369655.7229,1714831.173,1718.647827,1702,1698,2020
TC_T14-28,14,T14-28,CP,Liquidambar styracaflua,3.3,1.050422624,23,23,43,21/06/15,15.507523,-88.215256,369655.7229,1714831.173,1718.647827,1702,1698,2020
TC_T14-29,14,T14-29,CP,Liquidambar styracaflua,3.3,1.050422624,23,23,43,21/06/15,15.507523,-88.215256,369655.7229,1714831.173,1718.647827,1702,1698,2020
TC_T14-3,14,T14-3,CP,Liquidambar styracaflua,3.3,1.050422624,23,23,43,21/06/15,15.507523,-88.215256,369655.7229,1714831.173,1718.647827,1702,1698,2020
TC_T14-30,14,T14-30,CP,Liquidambar styracaflua,3.3,1.050422624,23,23,43,21/06/15,15.507523,-88.215256,369655.7229,1714831.173,1718.647827,1702,1698,2020
TC_T14-31,14,T14-31,CP,Liquidambar styracaflua,3.3,1.050422624,23,23,43,21/06/15,15.507523,-88.215256,369655.7229,1714831.173,1718.647827,1702,1698,2020
TC_T14-32,14,T14-32,CP,Liquidambar styracaflua,3.3,1.050422624,23,23,43,21/06/15,15.507523,-88.215256,369655.7229,1714831.173,1718.647827,1702,1698,2020
TC_T14-33,14,T14-33,CP,Liquidambar styracaflua,3.3,1.050422624,23,23,43,21/06/15,15.507523,-88.215256,369655.7229,1714831.173,1718.647827,1702,1698,2020
TC_T14-34,14,T14-34,CP,Liquidambar styracaflua,3.3,1.050422624,23,23,43,21/06/15,15.507523,-88.215256,369655.7229,1714831.173,1718.647827,1702,1698,2020
TC_T14-4,14,T14-4,CP,Liquidambar styracaflua,3.3,1.050422624,23,23,43,21/06/15,15.507523,-88.215256,369655.7229,1714831.173,1718.647827,1702,1698,2020
TC_T14-5,14,T14-5,CP,Liquidambar styracaflua,3.3,1.050422624,23,23,43,21/06/15,15.507523,-88.215256,369655.7229,1714831.173,1718.647827,1702,1698,2020
TC_T14-6,14,T14-6,CP,Liquidambar styracaflua,3.3,1.050422624,23,23,43,21/06/15,15.507523,-88.215256,369655.7229,1714831.173,1718.647827,1702,1698,2020
TC_T14-7,14,T14-7,CP,Liquidambar styracaflua,3.3,1.050422624,23,23,43,21/06/15,15.507523,-88.215256,369655.7229,1714831.173,1718.647827,1702,1698,2020
TC_T14-8,14,T14-8,CP,Liquidambar styracaflua,3.3,1.050422624,23,23,43,21/06/15,15.507523,-88.215256,369655.7229,1714831.173,1718.647827,1702,1698,2020
TC_T14-9,14,T14-9,CP,Liquidambar styracaflua,3.3,1.050422624,23,23,43,21/06/15,15.507523,-88.215256,369655.7229,1714831.173,1718.647827,1702,1698,2020
TC_T15-1,15,T15-1,CP,Liquidambar styracaflua,3.8,1.209577567,29,33.5,54,27/06/15,15.509429,-88.215302,369651.9846,1715042.064,1746.919312,1755,1754,2020
TC_T15-10,15,T15-10,CP,Liquidambar styracaflua,3.8,1.209577567,29,33.5,54,27/06/15,15.509429,-88.215302,369651.9846,1715042.064,1746.919312,1755,1754,2020
TC_T15-11,15,T15-11,CP,Liquidambar styracaflua,3.8,1.209577567,29,33.5,54,27/06/15,15.509429,-88.215302,369651.9846,1715042.064,1746.919312,1755,1754,2020
TC_T15-12,15,T15-12,CP,Liquidambar styracaflua,3.8,1.209577567,29,33.5,54,27/06/15,15.509429,-88.215302,369651.9846,1715042.064,1746.919312,1755,1754,2020
TC_T15-13,15,T15-13,CP,Liquidambar styracaflua,3.8,1.209577567,29,33.5,54,27/06/15,15.509429,-88.215302,369651.9846,1715042.064,1746.919312,1755,1754,2020
TC_T15-14,15,T15-14,CP,Liquidambar styracaflua,3.8,1.209577567,29,33.5,54,27/06/15,15.509429,-88.215302,369651.9846,1715042.064,1746.919312,1755,1754,2020
TC_T15-15,15,T15-15,CP,Liquidambar styracaflua,3.8,1.209577567,29,33.5,54,27/06/15,15.509429,-88.215302,369651.9846,1715042.064,1746.919312,1755,1754,2020
TC_T15-16,15,T15-16,CP,Liquidambar styracaflua,3.8,1.209577567,29,33.5,54,27/06/15,15.509429,-88.215302,369651.9846,1715042.064,1746.919312,1755,1754,2020
TC_T15-17,15,T15-17,CP,Liquidambar styracaflua,3.8,1.209577567,29,33.5,54,27/06/15,15.509429,-88.215302,369651.9846,1715042.064,1746.919312,1755,1754,2020
TC_T15-18,15,T15-18,CP,Liquidambar styracaflua,3.8,1.209577567,29,33.5,54,27/06/15,15.509429,-88.215302,369651.9846,1715042.064,1746.919312,1755,1754,2020
TC_T15-19,15,T15-19,CP,Liquidambar styracaflua,3.8,1.209577567,29,33.5,54,27/06/15,15.509429,-88.215302,369651.9846,1715042.064,1746.919312,1755,1754,2020
TC_T15-2,15,T15-2,CP,Liquidambar styracaflua,3.8,1.209577567,29,33.5,54,27/06/15,15.509429,-88.215302,369651.9846,1715042.064,1746.919312,1755,1754,2020
TC_T15-20,15,T15-20,CP,Liquidambar styracaflua,3.8,1.209577567,29,33.5,54,27/06/15,15.509429,-88.215302,369651.9846,1715042.064,1746.919312,1755,1754,2020
TC_T15-21,15,T15-21,CP,Liquidambar styracaflua,3.8,1.209577567,29,33.5,54,27/06/15,15.509429,-88.215302,369651.9846,1715042.064,1746.919312,1755,1754,2020
TC_T15-22,15,T15-22,CP,Liquidambar styracaflua,3.8,1.209577567,29,33.5,54,27/06/15,15.509429,-88.215302,369651.9846,1715042.064,1746.919312,1755,1754,2020
TC_T15-23,15,T15-23,CP,Liquidambar styracaflua,3.8,1.209577567,29,33.5,54,27/06/15,15.509429,-88.215302,369651.9846,1715042.064,1746.919312,1755,1754,2020
TC_T15-24,15,T15-24,CP,Liquidambar styracaflua,3.8,1.209577567,29,33.5,54,27/06/15,15.509429,-88.215302,369651.9846,1715042.064,1746.919312,1755,1754,2020
TC_T15-25,15,T15-25,CP,Liquidambar styracaflua,3.8,1.209577567,29,33.5,54,27/06/15,15.509429,-88.215302,369651.9846,1715042.064,1746.919312,1755,1754,2020
TC_T15-26,15,T15-26,CP,Liquidambar styracaflua,3.8,1.209577567,29,33.5,54,27/06/15,15.509429,-88.215302,369651.9846,1715042.064,1746.919312,1755,1754,2020
TC_T15-27,15,T15-27,CP,Liquidambar styracaflua,3.8,1.209577567,29,33.5,54,27/06/15,15.509429,-88.215302,369651.9846,1715042.064,1746.919312,1755,1754,2020
TC_T15-28,15,T15-28,CP,Liquidambar styracaflua,3.8,1.209577567,29,33.5,54,27/06/15,15.509429,-88.215302,369651.9846,1715042.064,1746.919312,1755,1754,2020
TC_T15-29,15,T15-29,CP,Liquidambar styracaflua,3.8,1.209577567,29,33.5,54,27/06/15,15.509429,-88.215302,369651.9846,1715042.064,1746.919312,1755,1754,2020
TC_T15-3,15,T15-3,CP,Liquidambar styracaflua,3.8,1.209577567,29,33.5,54,27/06/15,15.509429,-88.215302,369651.9846,1715042.064,1746.919312,1755,1754,2020
TC_T15-30,15,T15-30,CP,Liquidambar styracaflua,3.8,1.209577567,29,33.5,54,27/06/15,15.509429,-88.215302,369651.9846,1715042.064,1746.919312,1755,1754,2020
TC_T15-31,15,T15-31,CP,Liquidambar styracaflua,3.8,1.209577567,29,33.5,54,27/06/15,15.509429,-88.215302,369651.9846,1715042.064,1746.919312,1755,1754,2020
TC_T15-32,15,T15-32,CP,Liquidambar styracaflua,3.8,1.209577567,29,33.5,54,27/06/15,15.509429,-88.215302,369651.9846,1715042.064,1746.919312,1755,1754,2020
TC_T15-33,15,T15-33,CP,Liquidambar styracaflua,3.8,1.209577567,29,33.5,54,27/06/15,15.509429,-88.215302,369651.9846,1715042.064,1746.919312,1755,1754,2020
TC_T15-34,15,T15-34,CP,Liquidambar styracaflua,3.8,1.209577567,29,33.5,54,27/06/15,15.509429,-88.215302,369651.9846,1715042.064,1746.919312,1755,1754,2020
TC_T15-35,15,T15-35,CP,Liquidambar styracaflua,3.8,1.209577567,29,33.5,54,27/06/15,15.509429,-88.215302,369651.9846,1715042.064,1746.919312,1755,1754,2020
TC_T15-4,15,T15-4,CP,Liquidambar styracaflua,3.8,1.209577567,29,33.5,54,27/06/15,15.509429,-88.215302,369651.9846,1715042.064,1746.919312,1755,1754,2020
TC_T15-5,15,T15-5,CP,Liquidambar styracaflua,3.8,1.209577567,29,33.5,54,27/06/15,15.509429,-88.215302,369651.9846,1715042.064,1746.919312,1755,1754,2020
TC_T15-6,15,T15-6,CP,Liquidambar styracaflua,3.8,1.209577567,29,33.5,54,27/06/15,15.509429,-88.215302,369651.9846,1715042.064,1746.919312,1755,1754,2020
TC_T15-7,15,T15-7,CP,Liquidambar styracaflua,3.8,1.209577567,29,33.5,54,27/06/15,15.509429,-88.215302,369651.9846,1715042.064,1746.919312,1755,1754,2020
TC_T15-8,15,T15-8,CP,Liquidambar styracaflua,3.8,1.209577567,29,33.5,54,27/06/15,15.509429,-88.215302,369651.9846,1715042.064,1746.919312,1755,1754,2020
TC_T15-9,15,T15-9,CP,Liquidambar styracaflua,3.8,1.209577567,29,33.5,54,27/06/15,15.509429,-88.215302,369651.9846,1715042.064,1746.919312,1755,1754,2020
TC_T16-1,16,T16-1,CP,Liquidambar styracaflua,3.6,1.14591559,26,28.5,47.5,03/07/15,15.511137,-88.217709,369394.8608,1715232.488,1750.152344,1838,1834,2000
TC_T16-10,16,T16-10,CP,Liquidambar styracaflua,3.6,1.14591559,26,28.5,47.5,03/07/15,15.511137,-88.217709,369394.8608,1715232.488,1750.152344,1838,1834,2000
TC_T16-11,16,T16-11,CP,Liquidambar styracaflua,3.6,1.14591559,26,28.5,47.5,03/07/15,15.511137,-88.217709,369394.8608,1715232.488,1750.152344,1838,1834,2000
TC_T16-12,16,T16-12,CP,Liquidambar styracaflua,3.6,1.14591559,26,28.5,47.5,03/07/15,15.511137,-88.217709,369394.8608,1715232.488,1750.152344,1838,1834,2000
TC_T16-13,16,T16-13,CP,Liquidambar styracaflua,3.6,1.14591559,26,28.5,47.5,03/07/15,15.511137,-88.217709,369394.8608,1715232.488,1750.152344,1838,1834,2000
TC_T16-14,16,T16-14,CP,Liquidambar styracaflua,3.6,1.14591559,26,28.5,47.5,03/07/15,15.511137,-88.217709,369394.8608,1715232.488,1750.152344,1838,1834,2000
TC_T16-15,16,T16-15,CP,Liquidambar styracaflua,3.6,1.14591559,26,28.5,47.5,03/07/15,15.511137,-88.217709,369394.8608,1715232.488,1750.152344,1838,1834,2000
TC_T16-16,16,T16-16,CP,Liquidambar styracaflua,3.6,1.14591559,26,28.5,47.5,03/07/15,15.511137,-88.217709,369394.8608,1715232.488,1750.152344,1838,1834,2000
TC_T16-17,16,T16-17,CP,Liquidambar styracaflua,3.6,1.14591559,26,28.5,47.5,03/07/15,15.511137,-88.217709,369394.8608,1715232.488,1750.152344,1838,1834,2000
TC_T16-18,16,T16-18,CP,Liquidambar styracaflua,3.6,1.14591559,26,28.5,47.5,03/07/15,15.511137,-88.217709,369394.8608,1715232.488,1750.152344,1838,1834,2000
TC_T16-19,16,T16-19,CP,Liquidambar styracaflua,3.6,1.14591559,26,28.5,47.5,03/07/15,15.511137,-88.217709,369394.8608,1715232.488,1750.152344,1838,1834,2000
TC_T16-2,16,T16-2,CP,Liquidambar styracaflua,3.6,1.14591559,26,28.5,47.5,03/07/15,15.511137,-88.217709,369394.8608,1715232.488,1750.152344,1838,1834,2000
TC_T16-20,16,T16-20,CP,Liquidambar styracaflua,3.6,1.14591559,26,28.5,47.5,03/07/15,15.511137,-88.217709,369394.8608,1715232.488,1750.152344,1838,1834,2000
TC_T16-21,16,T16-21,CP,Liquidambar styracaflua,3.6,1.14591559,26,28.5,47.5,03/07/15,15.511137,-88.217709,369394.8608,1715232.488,1750.152344,1838,1834,2000
TC_T16-22,16,T16-22,CP,Liquidambar styracaflua,3.6,1.14591559,26,28.5,47.5,03/07/15,15.511137,-88.217709,369394.8608,1715232.488,1750.152344,1838,1834,2000
TC_T16-23,16,T16-23,CP,Liquidambar styracaflua,3.6,1.14591559,26,28.5,47.5,03/07/15,15.511137,-88.217709,369394.8608,1715232.488,1750.152344,1838,1834,2000
TC_T16-24,16,T16-24,CP,Liquidambar styracaflua,3.6,1.14591559,26,28.5,47.5,03/07/15,15.511137,-88.217709,369394.8608,1715232.488,1750.152344,1838,1834,2000
TC_T16-25,16,T16-25,CP,Liquidambar styracaflua,3.6,1.14591559,26,28.5,47.5,03/07/15,15.511137,-88.217709,369394.8608,1715232.488,1750.152344,1838,1834,2000
TC_T16-26,16,T16-26,CP,Liquidambar styracaflua,3.6,1.14591559,26,28.5,47.5,03/07/15,15.511137,-88.217709,369394.8608,1715232.488,1750.152344,1838,1834,2000
TC_T16-27,16,T16-27,CP,Liquidambar styracaflua,3.6,1.14591559,26,28.5,47.5,03/07/15,15.511137,-88.217709,369394.8608,1715232.488,1750.152344,1838,1834,2000
TC_T16-28,16,T16-28,CP,Liquidambar styracaflua,3.6,1.14591559,26,28.5,47.5,03/07/15,15.511137,-88.217709,369394.8608,1715232.488,1750.152344,1838,1834,2000
TC_T16-29,16,T16-29,CP,Liquidambar styracaflua,3.6,1.14591559,26,28.5,47.5,03/07/15,15.511137,-88.217709,369394.8608,1715232.488,1750.152344,1838,1834,2000
TC_T16-3,16,T16-3,CP,Liquidambar styracaflua,3.6,1.14591559,26,28.5,47.5,03/07/15,15.511137,-88.217709,369394.8608,1715232.488,1750.152344,1838,1834,2000
TC_T16-30,16,T16-30,CP,Liquidambar styracaflua,3.6,1.14591559,26,28.5,47.5,03/07/15,15.511137,-88.217709,369394.8608,1715232.488,1750.152344,1838,1834,2000
TC_T16-31,16,T16-31,CP,Liquidambar styracaflua,3.6,1.14591559,26,28.5,47.5,03/07/15,15.511137,-88.217709,369394.8608,1715232.488,1750.152344,1838,1834,2000
TC_T16-32,16,T16-32,CP,Liquidambar styracaflua,3.6,1.14591559,26,28.5,47.5,03/07/15,15.511137,-88.217709,369394.8608,1715232.488,1750.152344,1838,1834,2000
TC_T16-4,16,T16-4,CP,Liquidambar styracaflua,3.6,1.14591559,26,28.5,47.5,03/07/15,15.511137,-88.217709,369394.8608,1715232.488,1750.152344,1838,1834,2000
TC_T16-5,16,T16-5,CP,Liquidambar styracaflua,3.6,1.14591559,26,28.5,47.5,03/07/15,15.511137,-88.217709,369394.8608,1715232.488,1750.152344,1838,1834,2000
TC_T16-6,16,T16-6,CP,Liquidambar styracaflua,3.6,1.14591559,26,28.5,47.5,03/07/15,15.511137,-88.217709,369394.8608,1715232.488,1750.152344,1838,1834,2000
TC_T16-7,16,T16-7,CP,Liquidambar styracaflua,3.6,1.14591559,26,28.5,47.5,03/07/15,15.511137,-88.217709,369394.8608,1715232.488,1750.152344,1838,1834,2000
TC_T16-8,16,T16-8,CP,Liquidambar styracaflua,3.6,1.14591559,26,28.5,47.5,03/07/15,15.511137,-88.217709,369394.8608,1715232.488,1750.152344,1838,1834,2000
TC_T16-9,16,T16-9,CP,Liquidambar styracaflua,3.6,1.14591559,26,28.5,47.5,03/07/15,15.511137,-88.217709,369394.8608,1715232.488,1750.152344,1838,1834,2000
TC_T17-1,17,T17-1,CA,Pinus sp.,4.12,1.311436731,35,35,58,12/07/15,15.511752,-88.242441,366742.2744,1715315.76,1799.897705,1795,1795,2000
TC_T17-11,17,T17-11,CA,Pinus sp.,4.12,1.311436731,35,35,58,12/07/15,15.511752,-88.242441,366742.2744,1715315.76,1799.897705,1795,1795,2000
TC_T17-12,17,T17-12,CA,Pinus sp.,4.12,1.311436731,35,35,58,12/07/15,15.511752,-88.242441,366742.2744,1715315.76,1799.897705,1795,1795,2000
TC_T17-17,17,T17-17,CA,Pinus sp.,4.12,1.311436731,35,35,58,12/07/15,15.511752,-88.242441,366742.2744,1715315.76,1799.897705,1795,1795,2000
TC_T17-19,17,T17-19,CA,Pinus sp.,4.12,1.311436731,35,35,58,12/07/15,15.511752,-88.242441,366742.2744,1715315.76,1799.897705,1795,1795,2000
TC_T17-24,17,T17-24,CA,Pinus sp.,4.12,1.311436731,35,35,58,12/07/15,15.511752,-88.242441,366742.2744,1715315.76,1799.897705,1795,1795,2000
TC_T17-30,17,T17-30,CA,Pinus sp.,4.12,1.311436731,35,35,58,12/07/15,15.511752,-88.242441,366742.2744,1715315.76,1799.897705,1795,1795,2000
TC_T17-32,17,T17-32,CA,Pinus sp.,4.12,1.311436731,35,35,58,12/07/15,15.511752,-88.242441,366742.2744,1715315.76,1799.897705,1795,1795,2000
TC_T17-33,17,T17-33,CA,Pinus sp.,4.12,1.311436731,35,35,58,12/07/15,15.511752,-88.242441,366742.2744,1715315.76,1799.897705,1795,1795,2000
TC_T17-34,17,T17-34,CA,Pinus sp.,4.12,1.311436731,35,35,58,12/07/15,15.511752,-88.242441,366742.2744,1715315.76,1799.897705,1795,1795,2000
TC_T17-4,17,T17-4,CA,Pinus sp.,4.12,1.311436731,35,35,58,12/07/15,15.511752,-88.242441,366742.2744,1715315.76,1799.897705,1795,1795,2000
TC_T18-1,18,T18-1,CA,Pinus sp.,4.3,1.368732511,27,33,54,14/07/15,15.514112,-88.241734,366819.6274,1715576.412,1837.623779,1849,1845,2000
TC_T18-10,18,T18-10,CA,Pinus sp.,4.3,1.368732511,27,33,54,14/07/15,15.514112,-88.241734,366819.6274,1715576.412,1837.623779,1849,1845,2000
TC_T18-12,18,T18-12,CA,Pinus sp.,4.3,1.368732511,27,33,54,14/07/15,15.514112,-88.241734,366819.6274,1715576.412,1837.623779,1849,1845,2000
TC_T18-17,18,T18-17,CA,Pinus sp.,4.3,1.368732511,27,33,54,14/07/15,15.514112,-88.241734,366819.6274,1715576.412,1837.623779,1849,1845,2000
TC_T18-24,18,T18-24,CA,Pinus sp.,4.3,1.368732511,27,33,54,14/07/15,15.514112,-88.241734,366819.6274,1715576.412,1837.623779,1849,1845,2000
TC_T18-27,18,T18-27,CA,Pinus sp.,4.3,1.368732511,27,33,54,14/07/15,15.514112,-88.241734,366819.6274,1715576.412,1837.623779,1849,1845,2000
TC_T18-3,18,T18-3,CA,Pinus sp.,4.3,1.368732511,27,33,54,14/07/15,15.514112,-88.241734,366819.6274,1715576.412,1837.623779,1849,1845,2000
TC_T18-30,18,T18-30,CA,Pinus sp.,4.3,1.368732511,27,33,54,14/07/15,15.514112,-88.241734,366819.6274,1715576.412,1837.623779,1849,1845,2000
TC_T18-33,18,T18-33,CA,Pinus sp.,4.3,1.368732511,27,33,54,14/07/15,15.514112,-88.241734,366819.6274,1715576.412,1837.623779,1849,1845,2000
TC_T18-34,18,T18-34,CA,Pinus sp.,4.3,1.368732511,27,33,54,14/07/15,15.514112,-88.241734,366819.6274,1715576.412,1837.623779,1849,1845,2000
TC_T18-35,18,T18-35,CA,Pinus sp.,4.3,1.368732511,27,33,54,14/07/15,15.514112,-88.241734,366819.6274,1715576.412,1837.623779,1849,1845,2000
TC_T18-6,18,T18-6,CA,Pinus sp.,4.3,1.368732511,27,33,54,14/07/15,15.514112,-88.241734,366819.6274,1715576.412,1837.623779,1849,1845,2000
TC_T18-9,18,T18-9,CA,Pinus sp.,4.3,1.368732511,27,33,54,14/07/15,15.514112,-88.241734,366819.6274,1715576.412,1837.623779,1849,1845,2000
TC_T19-12,19,T19-12,GU,Pinus sp.,3.27,1.040873328,19.5,26.5,47.5,20/07/15,15.487468,-88.235778,367441.5216,1712625.049,1281.761841,1220,1230,2080
TC_T19-2,19,T19-2,GU,Pinus sp.,3.27,1.040873328,19.5,26.5,47.5,20/07/15,15.487468,-88.235778,367441.5216,1712625.049,1281.761841,1220,1230,2080
TC_T19-21,19,T19-21,GU,Pinus sp.,3.27,1.040873328,19.5,26.5,47.5,20/07/15,15.487468,-88.235778,367441.5216,1712625.049,1281.761841,1220,1230,2080
TC_T19-23,19,T19-23,GU,Pinus sp.,3.27,1.040873328,19.5,26.5,47.5,20/07/15,15.487468,-88.235778,367441.5216,1712625.049,1281.761841,1220,1230,2080
TC_T19-28,19,T19-28,GU,Pinus sp.,3.27,1.040873328,19.5,26.5,47.5,20/07/15,15.487468,-88.235778,367441.5216,1712625.049,1281.761841,1220,1230,2080
TC_T19-30,19,T19-30,GU,Pinus sp.,3.27,1.040873328,19.5,26.5,47.5,20/07/15,15.487468,-88.235778,367441.5216,1712625.049,1281.761841,1220,1230,2080
TC_T19-31,19,T19-31,GU,Pinus sp.,3.27,1.040873328,19.5,26.5,47.5,20/07/15,15.487468,-88.235778,367441.5216,1712625.049,1281.761841,1220,1230,2080
TC_T19-32,19,T19-32,GU,Pinus sp.,3.27,1.040873328,19.5,26.5,47.5,20/07/15,15.487468,-88.235778,367441.5216,1712625.049,1281.761841,1220,1230,2080
TC_T19-33,19,T19-33,GU,Pinus sp.,3.27,1.040873328,19.5,26.5,47.5,20/07/15,15.487468,-88.235778,367441.5216,1712625.049,1281.761841,1220,1230,2080
TC_T19-34,19,T19-34,GU,Pinus sp.,3.27,1.040873328,19.5,26.5,47.5,20/07/15,15.487468,-88.235778,367441.5216,1712625.049,1281.761841,1220,1230,2080
TC_T19-5,19,T19-5,GU,Pinus sp.,3.27,1.040873328,19.5,26.5,47.5,20/07/15,15.487468,-88.235778,367441.5216,1712625.049,1281.761841,1220,1230,2080
TC_T19-8,19,T19-8,GU,Pinus sp.,3.27,1.040873328,19.5,26.5,47.5,20/07/15,15.487468,-88.235778,367441.5216,1712625.049,1281.761841,1220,1230,2080
TC_T20-1,20,T20-1,GU,Pinus sp.,3.8,1.209577567,29,32,47,23/07/15,15.487633,-88.235027,367522.1951,1712642.839,1316.53064,1258,1265,2080
TC_T20-12,20,T20-12,GU,Pinus sp.,3.8,1.209577567,29,32,47,23/07/15,15.487633,-88.235027,367522.1951,1712642.839,1316.53064,1258,1265,2080
TC_T20-15,20,T20-15,GU,Pinus sp.,3.8,1.209577567,29,32,47,23/07/15,15.487633,-88.235027,367522.1951,1712642.839,1316.53064,1258,1265,2080
TC_T20-18,20,T20-18,GU,Pinus sp.,3.8,1.209577567,29,32,47,23/07/15,15.487633,-88.235027,367522.1951,1712642.839,1316.53064,1258,1265,2080
TC_T20-22,20,T20-22,GU,Pinus sp.,3.8,1.209577567,29,32,47,23/07/15,15.487633,-88.235027,367522.1951,1712642.839,1316.53064,1258,1265,2080
TC_T20-26,20,T20-26,GU,Pinus sp.,3.8,1.209577567,29,32,47,23/07/15,15.487633,-88.235027,367522.1951,1712642.839,1316.53064,1258,1265,2080
TC_T20-29,20,T20-29,GU,Pinus sp.,3.8,1.209577567,29,32,47,23/07/15,15.487633,-88.235027,367522.1951,1712642.839,1316.53064,1258,1265,2080
TC_T20-31,20,T20-31,GU,Pinus sp.,3.8,1.209577567,29,32,47,23/07/15,15.487633,-88.235027,367522.1951,1712642.839,1316.53064,1258,1265,2080
TC_T20-32,20,T20-32,GU,Pinus sp.,3.8,1.209577567,29,32,47,23/07/15,15.487633,-88.235027,367522.1951,1712642.839,1316.53064,1258,1265,2080
TC_T20-33,20,T20-33,GU,Pinus sp.,3.8,1.209577567,29,32,47,23/07/15,15.487633,-88.235027,367522.1951,1712642.839,1316.53064,1258,1265,2080
TC_T20-34,20,T20-34,GU,Pinus sp.,3.8,1.209577567,29,32,47,23/07/15,15.487633,-88.235027,367522.1951,1712642.839,1316.53064,1258,1265,2080
TC_T20-4,20,T20-4,GU,Pinus sp.,3.8,1.209577567,29,32,47,23/07/15,15.487633,-88.235027,367522.1951,1712642.839,1316.53064,1258,1265,2080
